photo_id,num_rows,num_cols,char_width,char_height
700030f,7,72,40.80000000000001,67.0
700045f,20,75,40.80000000000001,67.5
700161f,8,71,40.9,67.5
700078f,11,69,40.82076937910439,67.2421875
700276f,6,41,41.951219512195124,102.6
734695f,22,76,40.314659921746504,66.85042502663352
734697f,21,74,40.35616438356164,67.35
734745f,9,61,40.2291982014974,66.71853298611111
734746f,10,64,40.25458054315476,66.01920572916667
