image,photo_id,pp-col,pp-line,x1,x2,y1,y2
ocr/images/725172f.jpg,725172f,4.99,8.100000000000001,103.99999999999994,424.0000000000002,250.79999999999995,308.8000000000002